userid,weeklyfreqdeclared,splittype,start_date,end_date,experience_label,experience_latent,alpha_adapt,k_detraining,obs_noise,resilience,fatigue_sens,rpe_report_bias
1,4,PPL,2024-09-05,2026-02-01,Beginner,0.2995,0.05222,0.01466,0.1321,1.0623,0.5385,-0.6439
2,4,PPL,2024-04-12,2026-02-05,Intermediate,0.47,0.03279,0.01361,0.187,0.9602,0.9363,0.3472
3,4,FullBody,2026-02-25,2026-05-29,Beginner,0.2713,0.04981,0.01256,0.2242,1.5184,0.6392,0.2331
4,3,FullBody,2025-01-20,2026-03-11,Intermediate,0.4448,0.052,0.01132,0.2132,1.4421,0.8406,0.2141
5,4,PPL,2025-02-11,2026-06-03,Beginner,0.2797,0.03763,0.0219,0.2159,1.0132,0.6727,0.4974
6,2,FullBody,2026-11-02,2026-12-23,Intermediate,0.6919,0.02168,0.00691,0.1716,2.0358,0.998,0.0695
7,3,PPL,2026-08-05,2027-09-30,Advanced,0.8053,0.03934,0.01072,0.0796,1.6364,0.5814,-0.7632
8,5,FullBody,2026-10-15,2027-03-16,Intermediate,0.742,0.0364,0.01805,0.0763,1.2413,0.8747,-0.203
9,3,FullBody,2025-11-14,2027-05-12,Advanced,0.8633,0.02608,0.01238,0.1242,1.3773,0.703,-0.1538
10,3,PPL,2025-12-26,2027-08-18,Beginner,0.2886,0.04529,0.01629,0.2064,0.9475,0.6939,-0.0283
11,4,PPL,2026-04-24,2027-09-19,Beginner,0.3198,0.03524,0.02231,0.2275,0.7624,1.6939,0.2393
12,3,FullBody,2025-05-31,2026-12-18,Intermediate,0.6293,0.04493,0.01773,0.1652,1.4067,0.6545,-0.1663
13,3,PPL,2025-10-29,2027-05-06,Intermediate,0.456,0.04588,0.01347,0.1186,1.3522,1.2863,0.6428
14,2,PPL,2024-11-02,2026-04-12,Beginner,0.2048,0.0599,0.02126,0.1959,1.3527,0.4077,0.1817
15,6,PPL,2026-05-05,2027-03-20,Intermediate,0.6852,0.02861,0.00952,0.1966,1.32,0.4613,0.1609
16,4,PPL,2027-02-28,2027-10-07,Intermediate,0.4446,0.0547,0.02108,0.1503,1.2645,0.9526,-0.2626
17,3,PPL,2027-04-22,2027-08-04,Beginner,0.2792,0.02547,0.01751,0.2045,1.5189,0.9388,0.7783
18,2,PPL,2025-10-22,2026-11-03,Beginner,0.3376,0.03134,0.01922,0.1043,1.4632,0.5548,0.1164
19,3,PPL,2025-05-29,2027-01-16,Intermediate,0.6867,0.03488,0.01159,0.1469,0.8821,0.3287,-0.3359
20,3,PPL,2026-05-26,2027-02-21,Intermediate,0.4394,0.04223,0.01409,0.1788,1.5683,2.0,-0.6154
21,2,FullBody,2026-04-23,2027-03-22,Intermediate,0.5407,0.01782,0.00581,0.2141,1.5696,0.7436,0.4571
22,5,FullBody,2026-02-14,2027-12-06,Intermediate,0.6559,0.02717,0.01394,0.1463,1.3377,0.6426,-0.3354
23,5,PPL,2026-06-26,2027-11-03,Beginner,0.2496,0.0323,0.01492,0.213,1.0095,0.743,-0.2405
24,4,PPL,2026-07-10,2027-02-20,Intermediate,0.6264,0.03201,0.01522,0.063,1.6206,0.8585,0.1921
25,4,FullBody,2025-10-09,2026-03-02,Intermediate,0.7734,0.00953,0.00848,0.03,1.4554,1.4636,-0.6578
26,3,PPL,2025-08-24,2027-04-21,Intermediate,0.4009,0.03496,0.02189,0.1932,1.1238,0.8423,0.3902
27,3,PPL,2027-01-11,2028-01-18,Beginner,0.3043,0.03687,0.01585,0.1214,1.2452,0.6418,0.2049
28,4,PPL,2026-04-12,2027-04-08,Beginner,0.3263,0.0366,0.01254,0.2895,1.1213,0.7086,-0.4664
29,2,PPL,2025-10-17,2027-07-31,Beginner,0.2711,0.05856,0.01259,0.1375,0.8816,0.9982,-0.5176
30,3,FullBody,2026-01-09,2026-08-27,Beginner,0.2237,0.04756,0.01793,0.1916,1.0836,1.1981,0.3772
31,5,PPL,2024-12-31,2026-03-10,Beginner,0.3068,0.04434,0.01211,0.2245,1.2962,0.7761,-0.62
32,5,PPL,2027-09-10,2027-12-28,Beginner,0.344,0.04318,0.00674,0.1436,0.8475,1.0874,-0.0946
33,1,FullBody,2027-06-22,2028-01-23,Beginner,0.2216,0.03404,0.01218,0.1217,1.5157,1.0641,-0.0451
34,4,FullBody,2025-10-10,2027-06-11,Intermediate,0.6338,0.02389,0.01481,0.0776,1.8286,0.8036,-0.7655
35,4,PPL,2026-05-28,2026-08-09,Beginner,0.2846,0.04716,0.01857,0.2073,1.4693,0.9274,-0.3327
36,4,FullBody,2024-11-10,2026-07-07,Intermediate,0.6858,0.0311,0.01148,0.1011,1.2694,0.8087,0.0752
37,3,FullBody,2025-12-07,2027-01-08,Intermediate,0.458,0.05349,0.01174,0.087,0.9052,0.8964,-0.4907
38,4,FullBody,2027-03-20,2027-07-06,Intermediate,0.4924,0.01749,0.01919,0.0439,1.6648,1.1645,0.4272
39,4,PPL,2026-10-07,2026-11-03,Intermediate,0.4582,0.04121,0.01437,0.212,1.0696,0.9944,0.4398
40,3,PPL,2025-07-24,2027-04-07,Intermediate,0.4535,0.04549,0.01307,0.2513,1.4828,0.5208,0.8371
41,3,PPL,2027-05-07,2027-11-27,Intermediate,0.4474,0.04007,0.01025,0.1157,0.788,1.1149,-0.3653
42,3,FullBody,2026-03-13,2026-04-10,Intermediate,0.7003,0.01052,0.00846,0.1258,1.5243,1.4352,-0.0655
43,4,PPL,2025-09-09,2027-01-04,Intermediate,0.7489,0.01345,0.00656,0.1415,1.8635,0.4046,0.0184
44,3,PPL,2025-04-22,2026-09-29,Intermediate,0.623,0.03146,0.01516,0.1211,1.3234,0.6803,-0.0107
45,4,PPL,2026-01-28,2027-09-21,Advanced,0.9081,0.01284,0.01189,0.1111,1.5418,0.4076,0.1121
46,5,PPL,2024-12-18,2026-10-16,Beginner,0.2625,0.03622,0.01824,0.1954,1.3868,0.7541,0.3343
47,2,FullBody,2024-12-23,2026-08-10,Beginner,0.2837,0.03091,0.02096,0.1921,1.3651,0.5708,0.4404
48,4,PPL,2025-12-09,2027-02-10,Intermediate,0.4909,0.05159,0.01768,0.15,0.7745,0.3741,0.2381
49,3,PPL,2025-03-26,2026-06-12,Intermediate,0.759,0.03524,0.01772,0.199,1.4334,0.6233,-0.1076
50,2,PPL,2027-03-16,2027-11-24,Beginner,0.2023,0.03955,0.02197,0.1693,0.8312,0.6706,-0.1061
51,5,PPL,2025-09-09,2027-04-16,Advanced,0.8629,0.02042,0.00687,0.1319,1.1062,0.7207,-0.5041
52,3,PPL,2024-09-13,2026-03-21,Intermediate,0.5134,0.03948,0.01295,0.2388,0.9548,2.0,0.4969
53,5,PPL,2026-08-03,2027-07-23,Intermediate,0.6019,0.03382,0.01002,0.1989,1.1977,0.885,0.2838
54,5,PPL,2027-02-22,2027-07-08,Advanced,0.8459,0.04407,0.01381,0.03,1.6305,0.8528,-0.2284
55,5,FullBody,2026-04-11,2027-12-11,Intermediate,0.6596,0.019,0.01301,0.1817,0.8422,2.0,-0.2922
56,4,FullBody,2025-02-27,2026-03-22,Beginner,0.2225,0.04467,0.01797,0.3175,0.9434,0.5679,0.2743
57,3,PPL,2026-06-04,2027-05-12,Intermediate,0.4887,0.0443,0.01992,0.2071,1.326,1.0669,-0.1699
58,3,PPL,2026-11-22,2026-12-11,Beginner,0.2243,0.05546,0.01992,0.2041,1.1482,0.8501,-0.0897
59,3,PPL,2026-05-25,2027-07-01,Beginner,0.2766,0.03814,0.02014,0.1378,1.182,0.8025,0.2499
60,4,PPL,2025-10-22,2027-04-14,Beginner,0.1913,0.03792,0.01525,0.2376,0.7739,1.1004,0.2811
61,5,PPL,2025-10-25,2027-08-11,Intermediate,0.7163,0.04456,0.01297,0.1422,1.3761,0.7891,-0.381
62,3,PPL,2026-05-22,2027-06-19,Beginner,0.2033,0.05301,0.01721,0.189,1.0767,0.7611,0.302
63,3,PPL,2025-12-22,2027-05-31,Intermediate,0.6974,0.04106,0.00722,0.1308,1.5198,0.9655,0.0623
64,4,PPL,2026-04-18,2026-08-07,Beginner,0.3644,0.02469,0.01362,0.2024,0.9298,1.6874,0.0859
65,5,PPL,2026-08-13,2027-05-09,Beginner,0.2647,0.02926,0.02156,0.2025,1.4887,0.9867,-0.0793
66,4,PPL,2024-06-14,2026-02-08,Advanced,0.8728,0.02945,0.01413,0.1186,1.4083,1.091,0.8425
67,2,PPL,2026-11-21,2027-03-04,Beginner,0.3119,0.0364,0.02238,0.1816,0.9231,1.1455,-0.2294
68,5,PPL,2027-09-09,2027-11-07,Beginner,0.0528,0.05447,0.01748,0.1782,0.4,1.0283,0.3156
69,4,PPL,2026-09-25,2027-10-03,Beginner,0.2957,0.03033,0.02387,0.2223,1.1653,0.8644,-0.5133
70,5,FullBody,2026-04-27,2027-07-26,Intermediate,0.4142,0.02354,0.00982,0.1852,1.0831,1.7583,-0.0617
71,4,PPL,2026-02-13,2027-07-21,Intermediate,0.5651,0.02786,0.01703,0.1521,1.4685,0.7123,0.0566
72,5,PPL,2027-01-12,2027-08-25,Advanced,0.8348,0.01017,0.007,0.0924,1.5316,1.0139,-0.1206
73,5,PPL,2027-06-23,2027-08-17,Advanced,0.8719,0.01811,0.002,0.0531,1.9679,1.294,-0.0697
74,4,FullBody,2026-08-16,2027-02-16,Intermediate,0.4955,0.05182,0.00813,0.1457,1.3811,1.1825,0.0961
75,1,PPL,2024-10-23,2026-09-13,Intermediate,0.6599,0.01909,0.017,0.1748,1.4035,1.1666,0.9511
76,3,FullBody,2026-06-17,2027-09-30,Beginner,0.0753,0.04921,0.01902,0.2374,0.9018,0.7348,0.3777
77,4,PPL,2026-09-29,2028-01-14,Intermediate,0.4257,0.04478,0.012,0.2047,1.0136,1.0422,-0.2388
78,3,PPL,2025-10-30,2026-09-06,Intermediate,0.6036,0.03688,0.02316,0.2482,1.1132,2.0,0.2477
79,2,FullBody,2026-07-27,2027-03-11,Intermediate,0.6067,0.01935,0.01627,0.0509,1.5273,1.0392,0.7399
80,3,PPL,2026-01-12,2027-02-12,Beginner,0.1839,0.0601,0.0192,0.1606,1.0546,0.7737,-0.3036
81,4,PPL,2025-02-14,2026-10-03,Intermediate,0.6939,0.03082,0.01423,0.119,1.7551,0.7741,0.0879
82,5,PPL,2027-01-25,2027-04-11,Intermediate,0.7439,0.03993,0.01239,0.1451,1.238,0.7707,-0.3323
83,3,PPL,2025-10-12,2027-02-13,Beginner,0.2416,0.04641,0.0178,0.1673,1.0019,0.6933,0.0103
84,3,PPL,2025-07-21,2026-12-18,Advanced,0.8024,0.02595,0.01248,0.1894,1.5591,0.4621,0.1599
85,4,FullBody,2027-05-28,2027-08-07,Beginner,0.3589,0.03529,0.01626,0.1343,1.1063,1.1087,-0.512
86,5,PPL,2024-11-08,2026-10-13,Beginner,0.3607,0.04055,0.01093,0.1858,1.2193,1.7873,-0.1371
87,2,FullBody,2025-09-03,2026-04-21,Beginner,0.2797,0.06136,0.02018,0.1454,0.6528,0.8769,0.0618
88,3,PPL,2025-11-19,2026-06-24,Intermediate,0.4864,0.03264,0.01337,0.1952,0.9812,0.9724,0.1677
89,3,PPL,2025-08-16,2026-03-14,Beginner,0.2771,0.04086,0.01797,0.2094,1.5866,0.5686,0.0753
90,6,FullBody,2025-05-21,2026-03-26,Intermediate,0.429,0.04714,0.01453,0.2426,1.7956,0.7881,-0.0234
91,3,FullBody,2027-07-10,2027-10-25,Intermediate,0.752,0.01643,0.01293,0.0416,1.5301,1.0435,0.0404
92,2,FullBody,2025-12-12,2027-07-14,Intermediate,0.5929,0.04486,0.01734,0.1419,1.6858,0.7778,0.0414
93,4,PPL,2026-04-05,2026-05-06,Intermediate,0.5629,0.03923,0.01174,0.1151,1.826,0.6587,0.0377
94,4,PPL,2024-10-11,2026-08-21,Intermediate,0.5701,0.03901,0.01667,0.1587,1.0422,1.4493,-0.021
95,3,PPL,2026-03-13,2026-06-03,Beginner,0.2217,0.04384,0.02595,0.2068,0.941,1.2988,0.0546
96,4,FullBody,2027-02-13,2027-08-02,Beginner,0.1255,0.04541,0.02506,0.2543,0.7866,1.0419,-0.422
97,3,FullBody,2027-05-20,2027-08-01,Intermediate,0.5754,0.02176,0.00783,0.1362,1.3775,1.4621,-0.0744
98,4,FullBody,2025-10-07,2027-02-16,Intermediate,0.7141,0.05214,0.00801,0.0994,1.6662,0.4967,-0.0569
99,4,PPL,2025-08-05,2026-07-07,Intermediate,0.6915,0.02046,0.0029,0.1956,1.4519,0.6915,-0.0265
100,4,FullBody,2024-10-20,2026-08-01,Intermediate,0.7554,0.02909,0.0079,0.1489,1.739,1.2016,0.3722
101,3,PPL,2026-11-14,2027-12-20,Intermediate,0.7602,0.03137,0.01578,0.1414,1.5623,0.8947,0.0107
102,4,PPL,2026-03-03,2027-09-12,Beginner,0.3421,0.05767,0.01334,0.2416,0.9048,0.7034,-0.0283
103,4,FullBody,2026-12-31,2027-07-28,Intermediate,0.5558,0.03331,0.00553,0.2279,1.1222,0.8774,0.1827
104,3,PPL,2025-10-30,2026-02-05,Beginner,0.0747,0.04515,0.02138,0.2272,1.04,0.4513,0.4987
105,4,PPL,2026-07-29,2026-09-14,Intermediate,0.612,0.04296,0.00927,0.1358,1.5408,0.6497,0.0236
106,4,FullBody,2026-12-26,2028-01-06,Intermediate,0.563,0.05529,0.01244,0.1876,1.342,0.5336,0.1241
107,3,PPL,2026-06-22,2028-01-25,Intermediate,0.7109,0.02592,0.00998,0.1254,1.4228,0.9136,-0.2836
108,3,PPL,2026-01-07,2027-11-05,Beginner,0.3864,0.04673,0.01142,0.19,1.2795,0.4359,0.268
109,3,PPL,2026-08-29,2028-01-04,Intermediate,0.6507,0.04297,0.00584,0.1434,0.9686,1.1714,0.7108
110,3,PPL,2026-01-23,2026-11-10,Advanced,0.9416,0.01662,0.00275,0.1586,1.8408,0.6501,0.1541
111,4,PPL,2025-11-03,2026-06-22,Intermediate,0.5385,0.02685,0.01785,0.08,1.0355,1.1753,0.1372
112,4,FullBody,2026-01-22,2027-02-16,Intermediate,0.5156,0.03726,0.01693,0.0315,1.1563,0.8954,-0.0073
113,6,PPL,2026-03-15,2027-07-26,Intermediate,0.6524,0.01381,0.00948,0.0666,1.1205,0.9828,0.5692
114,3,PPL,2026-08-13,2027-08-10,Intermediate,0.6294,0.02078,0.01326,0.2107,1.355,1.2352,0.0278
115,2,PPL,2027-07-26,2028-01-25,Intermediate,0.4176,0.03466,0.01311,0.1877,1.2599,0.7632,-0.4037
116,1,PPL,2025-09-14,2026-07-27,Beginner,0.0824,0.03024,0.01703,0.3142,1.1837,0.6943,0.7832
117,3,PPL,2026-10-27,2027-09-07,Intermediate,0.5913,0.0156,0.01425,0.1286,1.5421,1.3216,0.1485
118,5,FullBody,2026-01-28,2026-04-18,Beginner,0.2693,0.03585,0.00998,0.2271,1.2574,0.8902,-0.1531
119,2,FullBody,2026-06-11,2026-11-22,Beginner,0.1671,0.04682,0.01854,0.21,1.1059,0.5924,0.1664
120,4,PPL,2024-12-28,2026-07-02,Intermediate,0.5009,0.03352,0.01672,0.0448,1.1216,1.0761,-0.6817
121,4,PPL,2024-06-22,2026-04-10,Beginner,0.1911,0.04104,0.01684,0.1797,1.3943,0.7118,0.4568
122,3,PPL,2026-08-12,2027-12-13,Intermediate,0.5332,0.01741,0.01195,0.0857,1.0872,0.9045,0.0979
123,5,PPL,2027-03-30,2028-01-05,Intermediate,0.4833,0.04519,0.01081,0.1917,1.5658,0.6619,0.7156
124,5,FullBody,2026-12-15,2027-05-07,Intermediate,0.7686,0.02711,0.01283,0.1034,1.2348,0.6943,0.0604
125,3,PPL,2024-06-21,2026-02-06,Intermediate,0.5635,0.02819,0.01633,0.1282,1.1752,1.3237,0.4239
126,3,FullBody,2027-02-28,2027-08-17,Beginner,0.0623,0.0412,0.02321,0.2793,0.9016,0.5849,0.2236
127,5,PPL,2025-09-13,2027-08-03,Intermediate,0.4052,0.04844,0.01873,0.1724,0.9613,0.4879,0.01
128,5,PPL,2026-02-12,2027-06-26,Beginner,0.1941,0.04808,0.01865,0.2095,0.8666,0.6365,0.0145
129,3,PPL,2024-09-11,2026-04-26,Intermediate,0.4171,0.02973,0.01257,0.1281,0.7955,0.6537,-0.2803
130,3,PPL,2026-07-09,2026-10-15,Intermediate,0.5237,0.04677,0.01992,0.1631,1.3688,0.8647,0.2804
131,4,FullBody,2025-07-30,2026-12-27,Intermediate,0.7611,0.03669,0.0118,0.1175,1.8145,0.8681,-0.0369
132,4,PPL,2025-08-05,2026-09-26,Intermediate,0.7276,0.01665,0.01126,0.0451,1.5847,0.8866,0.4899
133,3,FullBody,2025-09-12,2027-08-15,Intermediate,0.6977,0.03407,0.00862,0.1041,1.3367,1.1476,0.7271
134,3,PPL,2026-06-22,2027-08-24,Beginner,0.3209,0.0633,0.01447,0.1152,1.1168,1.9642,-0.1814
135,5,PPL,2026-09-01,2027-07-07,Intermediate,0.7122,0.02474,0.00293,0.123,1.505,0.3393,-0.2815
136,4,FullBody,2026-01-07,2027-08-04,Intermediate,0.7113,0.00632,0.01004,0.0478,1.9676,1.0749,-0.22
137,4,FullBody,2025-03-28,2027-01-15,Beginner,0.1346,0.03571,0.02015,0.226,0.8725,0.5656,-0.0669
138,3,PPL,2026-04-20,2027-10-22,Beginner,0.1319,0.05682,0.01992,0.1551,0.8432,1.1782,-0.747
139,6,PPL,2025-05-15,2026-11-08,Advanced,0.8245,0.02943,0.01733,0.0929,1.4914,0.6416,-0.29
140,3,PPL,2026-02-02,2026-10-15,Intermediate,0.7011,0.03119,0.00936,0.1376,1.1362,0.7025,0.1084
141,3,PPL,2025-09-07,2026-04-14,Advanced,0.9503,0.01208,0.00638,0.03,1.6064,0.8351,-0.1459
142,4,PPL,2025-02-27,2026-12-26,Beginner,0.3481,0.05114,0.01539,0.0696,1.3679,0.7156,0.3721
143,4,PPL,2025-10-14,2026-06-28,Intermediate,0.4957,0.02988,0.01026,0.1718,1.0614,0.3461,0.4291
144,4,PPL,2024-10-24,2026-09-10,Intermediate,0.5473,0.04024,0.01166,0.2287,1.4974,0.7619,0.1328
145,5,PPL,2027-05-15,2027-11-25,Intermediate,0.6463,0.01244,0.01197,0.1473,1.1526,0.5345,0.1375
146,3,PPL,2026-02-04,2026-11-28,Intermediate,0.788,0.04287,0.01003,0.0952,1.4443,1.3147,0.6035
147,2,FullBody,2027-04-25,2027-07-04,Intermediate,0.6356,0.0437,0.01193,0.1616,0.9212,0.763,-0.3419
148,5,PPL,2027-01-15,2027-08-20,Advanced,0.8067,0.02516,0.01173,0.1228,1.185,1.1871,-0.0338
149,3,FullBody,2027-07-12,2027-10-08,Intermediate,0.7846,0.02703,0.01877,0.1448,1.4803,0.4664,-0.3928
150,3,PPL,2027-02-18,2027-07-18,Intermediate,0.4003,0.02625,0.01488,0.2126,1.1992,0.7538,0.4449
151,4,PPL,2025-04-19,2026-04-16,Beginner,0.2859,0.04858,0.01863,0.1922,1.2474,0.8254,0.7232
152,5,PPL,2025-04-19,2026-11-24,Intermediate,0.4927,0.02602,0.01487,0.2341,0.9712,1.5939,-0.1103
153,4,PPL,2025-04-08,2026-11-06,Intermediate,0.5629,0.04442,0.01395,0.167,0.9447,0.7398,0.1205
154,3,FullBody,2025-10-27,2027-02-14,Beginner,0.3994,0.03713,0.01805,0.2382,1.0738,0.9093,-0.5949
155,4,PPL,2026-05-29,2027-01-11,Beginner,0.3909,0.02186,0.01771,0.1483,1.8337,0.7769,-0.0682
156,3,PPL,2026-05-09,2028-01-19,Beginner,0.3608,0.04857,0.02228,0.2777,1.3973,0.6226,-0.1277
157,5,PPL,2026-06-28,2027-10-12,Intermediate,0.5468,0.04206,0.01847,0.1446,1.6823,1.2485,-0.2529
158,2,FullBody,2026-04-01,2026-06-21,Beginner,0.3664,0.05314,0.01601,0.1285,1.3912,0.9664,0.4225
159,4,PPL,2025-12-28,2026-06-28,Advanced,0.8118,0.03724,0.01623,0.0429,1.3323,0.6901,0.1188
160,3,PPL,2027-05-18,2027-07-02,Intermediate,0.6691,0.03875,0.01059,0.1123,1.2863,0.9613,-0.3251
161,3,PPL,2026-12-18,2027-07-09,Intermediate,0.6223,0.03643,0.01311,0.1446,1.3931,0.5918,0.3227
162,5,FullBody,2025-09-14,2026-08-23,Intermediate,0.4589,0.03568,0.01396,0.1991,1.1812,1.305,-0.1785
163,4,FullBody,2025-03-27,2026-01-31,Beginner,0.2504,0.04061,0.01926,0.2258,0.9003,0.5766,-0.2982
164,2,PPL,2025-11-02,2027-10-09,Intermediate,0.5257,0.04399,0.01045,0.1575,1.5729,1.2003,-0.0629
165,2,FullBody,2026-01-20,2026-05-22,Intermediate,0.7876,0.02615,0.0133,0.1535,1.5683,0.5945,-0.1727
166,3,FullBody,2026-09-07,2027-12-01,Intermediate,0.5586,0.04602,0.01272,0.1541,1.6156,0.8081,0.0878
167,5,PPL,2025-06-23,2026-04-16,Intermediate,0.4792,0.01795,0.0103,0.1021,1.2747,0.4931,-0.871
168,4,PPL,2027-03-13,2027-10-16,Beginner,0.1414,0.05334,0.01952,0.2065,1.2659,0.5984,-0.3341
169,4,FullBody,2026-02-14,2026-12-16,Intermediate,0.4052,0.04276,0.00933,0.1408,1.0336,0.9067,-0.3478
170,4,PPL,2026-08-04,2027-08-08,Intermediate,0.4605,0.0309,0.00742,0.1971,1.227,0.7011,-0.3651
171,4,PPL,2025-12-31,2026-03-19,Intermediate,0.6136,0.02736,0.00747,0.0971,1.0179,1.0754,0.0476
172,5,FullBody,2026-02-13,2026-04-15,Beginner,0.2919,0.04252,0.01348,0.2177,1.3874,0.9138,-0.1371
173,5,FullBody,2026-11-26,2027-12-03,Beginner,0.2982,0.04274,0.01403,0.1662,1.3582,0.8202,0.0502
174,4,FullBody,2025-06-05,2027-01-07,Advanced,0.939,0.01889,0.00914,0.03,1.3951,1.0049,0.019
175,2,FullBody,2025-04-24,2026-05-30,Beginner,0.1067,0.04326,0.01651,0.1607,0.7275,0.7521,0.3896
176,6,FullBody,2026-04-20,2027-11-07,Intermediate,0.5606,0.04199,0.01683,0.1634,1.1871,1.2255,-0.0333
177,3,PPL,2026-08-24,2026-12-17,Intermediate,0.6834,0.02665,0.01161,0.1043,1.4293,1.1905,-0.0738
178,3,FullBody,2025-07-07,2026-05-16,Intermediate,0.4826,0.01501,0.0215,0.0485,1.3382,0.5032,0.5321
179,4,PPL,2027-08-15,2027-11-26,Intermediate,0.4289,0.04859,0.01343,0.2608,1.9559,1.6427,0.656
180,5,PPL,2025-08-09,2026-12-22,Beginner,0.306,0.03693,0.01409,0.0637,1.6587,1.1244,-0.3482
181,1,PPL,2026-09-03,2027-07-07,Intermediate,0.5764,0.01524,0.01178,0.1179,1.2005,0.8792,-0.4975
182,1,PPL,2027-01-08,2027-02-16,Beginner,0.2681,0.03342,0.01871,0.2679,1.4494,1.0793,0.0098
183,4,PPL,2025-04-18,2027-04-11,Intermediate,0.6201,0.05245,0.01058,0.1177,1.2763,1.1914,-0.1999
184,3,FullBody,2024-12-10,2026-09-23,Beginner,0.2335,0.04471,0.02121,0.2109,1.1312,0.3145,0.0218
185,2,PPL,2027-06-21,2027-12-03,Beginner,0.1171,0.06453,0.0201,0.2037,1.0764,0.8788,-0.0047
186,5,PPL,2026-11-08,2027-12-21,Intermediate,0.5943,0.04954,0.0208,0.1388,1.0885,1.3947,0.3598
187,4,PPL,2025-04-16,2026-10-05,Intermediate,0.4922,0.01851,0.01888,0.1392,1.1635,0.794,-0.5096
188,2,PPL,2026-01-22,2026-03-13,Intermediate,0.5585,0.01923,0.01671,0.1273,1.4077,1.0721,-0.1524
189,5,PPL,2026-06-19,2027-11-02,Intermediate,0.653,0.02709,0.00888,0.0828,1.6372,0.8154,0.5552
190,4,PPL,2026-07-15,2027-10-15,Intermediate,0.7448,0.02899,0.01154,0.0798,1.1369,0.7874,0.3077
191,6,PPL,2024-08-24,2026-05-11,Intermediate,0.7062,0.03801,0.01408,0.1788,1.2537,1.3102,0.4546
192,4,PPL,2027-03-20,2027-08-18,Beginner,0.2459,0.04481,0.02397,0.331,1.2924,1.2744,0.6461
193,2,PPL,2025-11-27,2027-10-17,Intermediate,0.407,0.05003,0.0156,0.1418,0.8735,0.4454,-1.0475
194,3,FullBody,2025-12-21,2027-03-15,Beginner,0.3618,0.05616,0.01608,0.1413,1.359,0.7937,0.2434
195,4,FullBody,2026-04-21,2027-09-03,Intermediate,0.4857,0.02117,0.01287,0.0997,1.1306,0.5819,0.072
196,5,PPL,2025-06-21,2026-06-14,Beginner,0.0447,0.0628,0.01762,0.2931,0.9669,0.7699,-0.1196
197,4,PPL,2025-12-12,2026-09-12,Intermediate,0.4989,0.03825,0.01308,0.033,1.1943,0.8432,0.3343
198,5,PPL,2025-03-30,2027-01-13,Intermediate,0.6643,0.03188,0.00903,0.1641,1.5024,1.4077,-0.0316
199,4,FullBody,2025-01-29,2026-02-21,Intermediate,0.4904,0.03048,0.01592,0.0946,1.4621,0.8677,0.14
200,4,PPL,2025-01-06,2026-04-26,Beginner,0.3752,0.04421,0.01003,0.2358,1.2748,0.6978,0.1923
201,4,PPL,2024-09-28,2026-05-30,Intermediate,0.4122,0.03206,0.00922,0.1416,1.4743,0.762,0.3472
202,4,PPL,2026-04-08,2026-12-16,Intermediate,0.7602,0.02462,0.01449,0.0956,1.4621,0.5119,-0.5884
203,2,PPL,2024-09-12,2026-03-19,Intermediate,0.4673,0.04356,0.02473,0.1934,0.9843,1.1191,-0.9854
204,1,FullBody,2026-09-21,2027-06-06,Beginner,0.2811,0.06092,0.02102,0.1524,1.1275,1.1936,0.0824
205,4,PPL,2025-12-08,2027-01-19,Beginner,0.2461,0.06261,0.01084,0.096,1.0964,0.6558,0.0566
206,4,PPL,2024-02-24,2026-02-07,Beginner,0.1935,0.05465,0.0174,0.2304,1.0363,0.6043,-0.3
207,4,PPL,2025-05-08,2026-02-24,Intermediate,0.5654,0.0361,0.00935,0.2546,1.4493,0.7381,-1.0863
208,4,PPL,2026-12-02,2027-07-22,Beginner,0.3578,0.04461,0.02083,0.2003,1.425,0.8313,0.0297
209,3,PPL,2026-04-09,2027-04-02,Beginner,0.118,0.03116,0.02316,0.2288,1.2683,1.1932,0.2586
210,3,PPL,2025-09-01,2026-03-28,Intermediate,0.5622,0.042,0.0084,0.1352,1.2781,0.8872,-0.3337
211,3,PPL,2027-01-25,2027-02-28,Intermediate,0.5429,0.03509,0.01484,0.1668,1.5216,0.7743,0.0722
212,4,PPL,2026-07-24,2026-08-24,Beginner,0.3385,0.04279,0.01339,0.111,1.3679,0.7163,-0.344
213,3,PPL,2024-07-20,2026-04-26,Beginner,0.2824,0.05318,0.01584,0.1221,1.3139,1.4852,0.0701
214,3,FullBody,2025-09-07,2026-05-08,Intermediate,0.6819,0.03171,0.01467,0.0804,1.6129,0.8168,-0.1585
215,3,PPL,2026-11-11,2027-11-10,Beginner,0.3528,0.02444,0.01965,0.265,1.0409,0.9566,0.0116
216,3,PPL,2026-04-06,2026-09-11,Intermediate,0.5776,0.03618,0.01255,0.1253,1.0882,1.0522,0.1393
217,5,PPL,2027-03-16,2027-12-26,Intermediate,0.6669,0.03904,0.01977,0.158,0.8496,0.6323,-0.2978
218,3,PPL,2024-12-09,2026-09-11,Intermediate,0.6538,0.04693,0.01042,0.1351,0.9095,0.6905,-0.5123
219,3,PPL,2026-02-01,2027-10-10,Beginner,0.1923,0.02607,0.01475,0.2238,0.8786,0.4336,-0.0271
220,4,FullBody,2024-11-30,2026-05-30,Beginner,0.3772,0.04339,0.01608,0.1468,0.939,0.8437,0.4019
221,1,PPL,2026-11-21,2027-08-30,Intermediate,0.6107,0.03337,0.0153,0.1274,1.3114,0.7691,-0.1392
222,4,PPL,2024-11-09,2026-11-06,Intermediate,0.4045,0.0244,0.01962,0.1899,1.045,0.9289,0.1755
223,4,PPL,2024-12-27,2026-10-31,Advanced,0.8002,0.04208,0.00815,0.0846,1.2937,1.3105,-0.0067
224,3,FullBody,2026-11-09,2028-01-22,Intermediate,0.7473,0.02846,0.01904,0.114,1.5274,0.6117,0.3381
225,4,FullBody,2025-01-14,2026-09-20,Intermediate,0.7505,0.03179,0.01419,0.1489,1.3505,0.6511,-0.0119
226,2,FullBody,2026-08-13,2027-08-18,Intermediate,0.7682,0.0274,0.01566,0.1205,1.5669,0.4648,0.681
227,3,PPL,2026-08-21,2027-09-26,Beginner,0.3221,0.0353,0.01724,0.1611,1.2244,0.685,0.0942
228,4,FullBody,2025-04-23,2027-01-26,Intermediate,0.6561,0.029,0.01227,0.197,1.2948,0.745,-0.3555
229,5,PPL,2025-06-06,2026-04-07,Beginner,0.0407,0.03831,0.01561,0.2083,1.2256,0.9732,-0.2695
230,3,PPL,2024-12-14,2026-10-04,Intermediate,0.484,0.03305,0.0224,0.2013,1.106,1.7785,0.2504
231,5,FullBody,2026-09-19,2027-02-14,Advanced,0.8904,0.02041,0.00664,0.0944,1.7195,1.118,-0.0135
232,4,FullBody,2026-11-24,2027-05-13,Beginner,0.1643,0.04249,0.02166,0.1974,1.1292,0.6125,-0.2036
233,3,PPL,2025-04-13,2027-01-14,Advanced,0.8171,0.01999,0.00603,0.077,1.6755,1.0371,0.6959
234,4,PPL,2026-04-27,2026-09-19,Beginner,0.3572,0.04676,0.01538,0.2771,1.5791,0.6979,-0.4968
235,4,FullBody,2025-06-21,2026-06-11,Intermediate,0.5109,0.03983,0.01245,0.2029,1.5829,1.8304,0.2471
236,5,FullBody,2025-12-24,2027-03-19,Beginner,0.3313,0.03244,0.02393,0.216,1.0144,1.0175,-0.2195
237,5,PPL,2025-02-05,2026-07-21,Advanced,0.9436,0.00866,0.01228,0.0796,1.2204,0.8375,0.1397
238,3,PPL,2025-09-29,2027-09-11,Intermediate,0.7292,0.01244,0.00917,0.1766,1.2432,0.8138,0.3351
239,3,PPL,2024-07-30,2026-03-17,Advanced,0.8336,0.02217,0.00418,0.03,1.4863,1.5847,0.0283
240,3,PPL,2025-11-20,2026-04-11,Intermediate,0.4077,0.03305,0.01167,0.2075,1.3569,0.6708,-0.1255
241,1,PPL,2024-08-08,2026-04-10,Intermediate,0.7894,0.04692,0.0103,0.2248,1.6121,0.8131,-0.2151
242,3,PPL,2026-11-29,2027-03-24,Beginner,0.344,0.02549,0.0193,0.1781,1.6532,0.2587,0.6813
243,4,PPL,2024-08-17,2026-03-10,Intermediate,0.4802,0.0418,0.01178,0.1609,1.1162,1.1205,0.133
244,3,PPL,2027-08-28,2027-10-18,Intermediate,0.7488,0.01305,0.01142,0.1131,1.2852,0.647,0.2924
245,5,PPL,2026-12-17,2027-04-03,Intermediate,0.5827,0.01808,0.01783,0.1481,1.4374,0.7244,0.5427
246,2,FullBody,2025-04-20,2026-09-17,Beginner,0.3066,0.03841,0.01753,0.2584,1.5995,1.0698,0.153
247,2,FullBody,2025-10-19,2027-07-28,Intermediate,0.7902,0.02667,0.01508,0.0484,1.468,0.6307,0.3535
248,3,FullBody,2026-12-22,2027-02-05,Beginner,0.272,0.05257,0.01644,0.1071,1.4349,0.8064,-0.513
249,3,FullBody,2027-05-27,2027-11-03,Intermediate,0.6448,0.02936,0.00767,0.0996,1.6141,1.3363,-0.715
250,2,PPL,2025-10-25,2027-09-21,Intermediate,0.4729,0.02769,0.01326,0.1815,1.1107,0.5903,-0.1787
251,4,FullBody,2027-04-12,2027-10-31,Intermediate,0.764,0.02071,0.02192,0.051,1.5919,1.2351,-0.1442
252,2,PPL,2026-05-09,2027-07-18,Intermediate,0.7429,0.02358,0.01133,0.03,1.6655,2.0,-0.1817
253,1,FullBody,2025-02-26,2026-08-11,Intermediate,0.4995,0.03185,0.01079,0.1488,1.413,0.3682,0.1174
254,3,FullBody,2026-01-02,2026-07-15,Intermediate,0.5794,0.03795,0.01396,0.1428,1.3681,1.1167,-0.3115
255,2,PPL,2026-07-04,2027-07-11,Intermediate,0.5185,0.03673,0.01577,0.1131,1.2407,0.8732,0.0216
256,3,PPL,2026-07-20,2027-09-06,Intermediate,0.4794,0.03774,0.01272,0.202,0.9852,0.9596,-0.1217
257,4,FullBody,2025-06-27,2026-03-24,Intermediate,0.4319,0.04441,0.01974,0.1073,1.669,1.5001,0.1965
258,5,PPL,2026-12-26,2027-12-03,Intermediate,0.5541,0.03888,0.01541,0.1902,1.3312,0.6103,0.0513
259,5,PPL,2026-10-12,2027-05-22,Beginner,0.3116,0.04565,0.01836,0.2747,1.1013,0.6558,0.1063
260,4,PPL,2024-08-15,2026-02-21,Intermediate,0.4552,0.03239,0.01566,0.16,1.3034,0.7009,0.0563
261,3,PPL,2025-07-02,2027-05-20,Beginner,0.2249,0.05989,0.01911,0.296,1.4557,0.9004,-0.0145
262,3,FullBody,2027-11-04,2028-01-10,Beginner,0.3971,0.03856,0.01955,0.2266,1.2354,0.4244,-0.773
263,3,FullBody,2025-09-08,2026-05-16,Beginner,0.0711,0.04402,0.01997,0.2649,0.8592,1.1031,-0.0754
264,3,FullBody,2025-03-10,2027-03-05,Intermediate,0.6572,0.02582,0.01057,0.1204,1.7678,0.6899,0.0485
265,3,PPL,2025-03-02,2026-05-06,Intermediate,0.4394,0.03609,0.01059,0.1293,1.1282,0.9718,0.0954
266,4,PPL,2025-08-31,2027-04-20,Intermediate,0.5112,0.04654,0.01296,0.1371,1.4596,0.3985,0.3603
267,5,PPL,2025-08-16,2026-06-10,Intermediate,0.6937,0.02286,0.0119,0.1709,1.6356,0.3041,-0.9092
268,5,PPL,2026-06-12,2027-04-27,Intermediate,0.5026,0.05474,0.02526,0.152,1.1007,0.5333,0.366
269,4,PPL,2026-09-21,2027-11-07,Beginner,0.1098,0.06306,0.01525,0.2406,0.9021,1.4912,0.7638
270,3,FullBody,2027-01-31,2027-05-06,Intermediate,0.5059,0.02592,0.0191,0.2239,1.1288,1.7489,-0.0222
271,4,PPL,2025-09-21,2027-08-18,Intermediate,0.4302,0.05427,0.01343,0.2343,1.4732,0.7179,0.4333
272,4,PPL,2024-09-16,2026-08-02,Beginner,0.3582,0.03441,0.01512,0.1769,1.594,0.4545,0.4393
273,5,FullBody,2025-03-13,2026-12-06,Beginner,0.281,0.04738,0.02004,0.2214,1.1459,0.5001,-0.0809
274,3,PPL,2027-06-17,2027-07-07,Intermediate,0.795,0.01933,0.01653,0.098,1.0586,1.5103,0.1745
275,3,PPL,2025-09-01,2027-06-11,Intermediate,0.4293,0.04806,0.02437,0.1901,1.4847,0.6213,-0.2866
276,4,PPL,2025-09-05,2026-10-28,Beginner,0.3522,0.03892,0.0168,0.2415,1.4689,0.7531,-0.0405
277,4,PPL,2025-12-16,2026-07-25,Intermediate,0.4011,0.0523,0.0179,0.1999,1.3486,0.95,-0.0301
278,3,PPL,2025-12-06,2027-10-08,Beginner,0.2069,0.0351,0.02068,0.2072,1.1187,1.0925,0.6249
279,4,PPL,2026-01-17,2026-11-15,Beginner,0.3479,0.0296,0.01786,0.1376,1.1654,0.8178,0.331
280,3,PPL,2025-03-21,2027-01-27,Intermediate,0.6312,0.02705,0.00946,0.1921,1.3105,0.8123,0.6556
281,2,PPL,2026-08-16,2028-01-26,Intermediate,0.582,0.01187,0.02114,0.0472,0.8825,1.3256,-0.2316
282,3,FullBody,2025-08-02,2026-08-23,Beginner,0.3183,0.03277,0.01589,0.168,1.0208,0.6865,-0.0128
283,5,PPL,2026-08-24,2027-12-20,Beginner,0.294,0.04716,0.01103,0.1151,0.8455,0.8393,-0.1221
284,4,PPL,2026-03-21,2028-01-06,Intermediate,0.6049,0.04912,0.00855,0.1375,1.2854,1.0259,-0.2138
285,4,PPL,2025-08-18,2027-07-19,Intermediate,0.6335,0.02043,0.01484,0.0782,0.7486,1.1233,-0.0921
286,5,PPL,2026-02-18,2026-12-21,Intermediate,0.7959,0.03069,0.01122,0.0545,1.5957,0.7907,0.3289
287,3,PPL,2026-01-26,2026-12-06,Beginner,0.1992,0.03224,0.01788,0.1704,1.0074,1.0311,-0.3712
288,5,PPL,2026-03-20,2027-08-29,Advanced,0.8245,0.03477,0.00982,0.0802,1.6244,1.3796,-0.0701
289,2,PPL,2026-10-06,2027-04-14,Beginner,0.2522,0.05194,0.02546,0.2688,1.0269,1.1331,-0.5056
290,5,FullBody,2025-07-07,2027-03-31,Intermediate,0.4318,0.04081,0.01513,0.1832,1.2676,1.183,0.1006
291,3,FullBody,2026-09-26,2026-12-24,Intermediate,0.5439,0.03603,0.01681,0.0964,2.1439,0.6659,0.2363
292,4,PPL,2024-12-20,2026-05-22,Intermediate,0.6132,0.01802,0.00856,0.1954,1.3035,0.7696,0.0701
293,2,PPL,2025-03-03,2026-06-12,Intermediate,0.4755,0.03957,0.02198,0.2641,1.1135,0.5399,0.5494
294,3,PPL,2025-11-26,2026-09-08,Intermediate,0.5974,0.03877,0.01067,0.1568,0.8577,1.0266,0.0501
295,5,PPL,2026-12-29,2027-11-16,Beginner,0.2589,0.03028,0.01563,0.1291,1.0518,0.5085,-0.0418
296,4,PPL,2026-09-28,2027-01-28,Advanced,0.8438,0.0212,0.00564,0.0723,1.4749,0.7682,0.117
297,3,FullBody,2026-06-13,2026-07-19,Beginner,0.3198,0.02209,0.01069,0.255,0.8986,0.7631,-0.4479
298,2,PPL,2026-12-30,2028-01-03,Advanced,0.862,0.0257,0.002,0.0813,1.5331,1.1611,-0.3304
299,3,PPL,2026-09-17,2028-01-02,Beginner,0.2929,0.0293,0.02349,0.1555,1.1399,0.6984,-0.0442
300,3,FullBody,2026-11-16,2026-12-25,Beginner,0.3093,0.05176,0.01372,0.2892,1.267,1.5211,-0.2732
